{"cameraMode":{"drawMode":0,"name":"Shaded","section":"Shading Mode"},"sceneLighting":true,"audioPlay":false,"sceneViewState":{"m_AlwaysRefresh":false,"showFog":true,"showSkybox":false,"showFlares":true,"showImageEffects":true,"showParticleSystems":true,"showVisualEffectGraphs":true,"m_FxEnabled":true},"in2DMode":false,"pivot":{"x":6.220218181610107,"y":28.094223022460939,"z":6.768463134765625},"rotation":{"x":0.01901869848370552,"y":-0.8879148364067078,"z":0.45819762349128725,"w":0.03675670176744461},"size":29.997745513916017,"orthographic":false}