{"cameraMode":{"drawMode":0,"name":"Shaded","section":"Shading Mode"},"sceneLighting":false,"audioPlay":false,"sceneViewState":{"m_AlwaysRefresh":false,"showFog":true,"showSkybox":false,"showFlares":true,"showImageEffects":true,"showParticleSystems":true,"showVisualEffectGraphs":true,"m_FxEnabled":true},"in2DMode":false,"pivot":{"x":18.62506866455078,"y":2.1500000953674318,"z":-16.790000915527345},"rotation":{"x":0.09685180336236954,"y":-0.8818356990814209,"z":0.20648100972175599,"w":0.4126777946949005},"size":0.11743302643299103,"orthographic":false}